{"cameraMode":{"drawMode":0,"name":"Shaded","section":"Shading Mode"},"sceneLighting":true,"audioPlay":false,"sceneViewState":{"showFog":true,"showMaterialUpdate":false,"showSkybox":true,"showFlares":true,"showImageEffects":true,"showParticleSystems":true},"in2DMode":false,"pivot":{"x":18.6696720123291,"y":3.4397199153900148,"z":-11.5042142868042},"rotation":{"x":0.13522681593894959,"y":0.8623930215835571,"z":-0.3777081370353699,"w":0.3087534010410309},"size":180.66893005371095,"orthographic":false}