{"cameraMode":{"drawMode":0,"name":"Shaded","section":"Shading Mode"},"sceneLighting":false,"audioPlay":false,"sceneViewState":{"showFog":true,"showMaterialUpdate":false,"showSkybox":false,"showFlares":true,"showImageEffects":true,"showParticleSystems":true},"in2DMode":false,"pivot":{"x":0.24597549438476563,"y":3.962221622467041,"z":1.2436504364013672},"rotation":{"x":0.0023604275193065407,"y":0.9803913831710815,"z":-0.1966947764158249,"w":0.011765221133828164},"size":45.35745620727539,"orthographic":true}