{"cameraMode":{"drawMode":0,"name":"Shaded","section":"Shading Mode"},"sceneLighting":true,"audioPlay":false,"sceneViewState":{"showFog":true,"showMaterialUpdate":false,"showSkybox":true,"showFlares":true,"showImageEffects":true,"showParticleSystems":true},"in2DMode":false,"pivot":{"x":26.04062843322754,"y":19.078475952148439,"z":-3.0747451782226564},"rotation":{"x":-0.004058871418237686,"y":0.9378218650817871,"z":-0.3469197452068329,"w":-0.010972555726766587},"size":22.0,"orthographic":false}