{"cameraMode":{"drawMode":0,"name":"Shaded","section":"Shading Mode"},"sceneLighting":false,"audioPlay":false,"sceneViewState":{"showFog":true,"showMaterialUpdate":false,"showSkybox":false,"showFlares":true,"showImageEffects":true,"showParticleSystems":true},"in2DMode":false,"pivot":{"x":0.0,"y":1.3356537818908692,"z":2.384185791015625e-7},"rotation":{"x":-0.03954146057367325,"y":0.9592337608337402,"z":-0.22105970978736878,"w":-0.17157992720603944},"size":11.803827285766602,"orthographic":true}