{"cameraMode":{"drawMode":0,"name":"Shaded","section":"Shading Mode"},"sceneLighting":true,"audioPlay":false,"sceneViewState":{"showFog":true,"showMaterialUpdate":false,"showSkybox":true,"showFlares":true,"showImageEffects":true,"showParticleSystems":true},"in2DMode":false,"pivot":{"x":10.139686584472657,"y":-8.387441635131836,"z":-6.713469505310059},"rotation":{"x":0.09500528872013092,"y":-0.8917557597160339,"z":0.22106492519378663,"w":0.383244127035141},"size":111.72896575927735,"orthographic":true}